# Jaw centres for test data - found by looking at the images in ImageJ,,,,,,,
# Was more useful when we didn't have a jaw locating model,,,,,,,
# When slicing the array the Z value refers to one beyond the last slice,,,,,,,
# i.e. access the last image to keep with array[z-1]; when slicing a volume from the array,,,,,,,
# use array[z-d:z],,,,,,,
# NB: for training set 3 (where we don't crop around the centre), I've accidentally defined,,,,,,
# The x and y axes backwards, or something. Whoops,,,,,,
n,z,x,y,crop_around_centre,age,genotype,strain
400000,1101,316,268,TRUE,1,wt,wt
460000,1045,284,340,TRUE,1,wt,wt
570000,996,244,416,TRUE,1,wt,wt
610000,911,359,257,TRUE,1,wt,wt
710000,1161,359,219,TRUE,1,wt,wt
810000,1181,390,401,TRUE,1,wt,wt
890000,854,247,396,TRUE,1,wt,wt
930000,1109,318,415,TRUE,1,wt,wt
